{"cameraMode":{"drawMode":0,"name":"Shaded","section":"Shading Mode"},"sceneLighting":true,"audioPlay":false,"sceneViewState":{"m_AlwaysRefresh":false,"showFog":true,"showSkybox":true,"showFlares":true,"showImageEffects":true,"showParticleSystems":true,"showVisualEffectGraphs":true,"m_FxEnabled":true},"in2DMode":false,"pivot":{"x":29.308975219726564,"y":102.48484802246094,"z":1054.601318359375},"rotation":{"x":0.6844833493232727,"y":0.0021870702039450409,"z":-0.002053459407761693,"w":0.7290236353874207},"size":436.243408203125,"orthographic":true}